6;print tela de cadastro html+css.png;nada;04/04/2021 00:00:00
7;baixados (1).jpg;nada;25/11/1996 00:00:00
8;baixados (1).jpg;notal fiscal ;03/05/2021 00:00:00
10;baixados.jpg;nota fical mercado;25/11/1996 00:00:00
11;Cadeadi.png.png;comprovante mercado;06/11/2021 00:00:00
12;print tela de cadastro html+css.png;receita medico;15/06/2020 00:00:00
13;print tela de cadastro html+css.png;teate;25/12/2020 00:00:00
14;print tela de cadastro html+css.png;nada;15/11/2202 00:00:00
15;OIP.jpg;teste;10/02/2121 00:00:00
16;stonks.jpg;comprovante mecanico;25/12/2000 00:00:00
17;print tela de login html+css.png;Nota Fiscal Mercado;15/04/2021 00:00:00
18;Cadeado.jpg.jpg;cadeado;25/05/2021 00:00:00
